Node_ID,gap_start,gap_end,elapsed_minutes,nominal_interval_minutes,approx_missing_readings
1,3/10/2022 0:36,3/10/2022 2:55,139,20,6
1,3/11/2022 10:06,3/11/2022 10:45,39,20,1
1,3/11/2022 11:05,3/11/2022 22:02,657,20,32
1,3/11/2022 23:01,3/11/2022 23:41,40,20,1
1,3/12/2022 6:39,3/12/2022 22:34,955,20,47
1,3/13/2022 9:31,3/13/2022 10:30,59,20,2
1,3/13/2022 19:28,3/13/2022 22:27,179,20,8
1,3/14/2022 12:03,3/14/2022 12:42,39,20,1
1,3/15/2022 3:58,3/15/2022 4:37,39,20,1
1,3/15/2022 15:34,3/15/2022 16:14,40,20,1
1,3/16/2022 13:07,3/16/2022 13:47,40,20,1
1,3/16/2022 14:27,3/16/2022 15:07,40,20,1
1,3/17/2022 8:41,3/17/2022 9:21,40,20,1
1,3/18/2022 12:53,3/18/2022 13:33,40,20,1
1,3/18/2022 13:33,3/18/2022 14:13,40,20,1
1,3/18/2022 21:11,3/18/2022 21:50,39,20,1
1,3/18/2022 22:10,3/19/2022 2:09,239,20,11
1,3/19/2022 5:48,3/19/2022 6:48,60,20,2
1,3/19/2022 8:07,3/19/2022 8:47,40,20,1
1,3/19/2022 11:46,3/19/2022 22:43,657,20,32
1,3/20/2022 4:21,3/20/2022 5:00,39,20,1
1,3/20/2022 8:39,3/20/2022 9:39,60,20,2
1,3/20/2022 10:19,3/20/2022 10:59,40,20,1
1,3/20/2022 11:59,3/20/2022 21:56,597,20,29
1,3/21/2022 0:35,3/21/2022 1:14,39,20,1
1,3/23/2022 0:00,3/23/2022 0:40,40,20,1
1,3/23/2022 15:36,3/23/2022 16:55,79,20,3
1,3/23/2022 17:15,3/23/2022 18:35,80,20,3
1,3/24/2022 9:11,3/24/2022 9:50,39,20,1
1,3/24/2022 17:48,3/24/2022 18:28,40,20,1
1,3/25/2022 1:45,3/25/2022 2:25,40,20,1
1,3/25/2022 7:04,3/25/2022 7:43,39,20,1
1,3/26/2022 13:15,3/26/2022 13:54,39,20,1
1,3/26/2022 18:53,3/26/2022 19:33,40,20,1
1,3/27/2022 11:48,3/27/2022 21:25,577,20,28
1,3/28/2022 0:24,3/28/2022 1:03,39,20,1
1,3/29/2022 1:16,3/29/2022 1:56,40,20,1
1,3/29/2022 5:15,3/29/2022 5:55,40,20,1
1,3/30/2022 5:08,3/30/2022 6:08,60,20,2
1,3/30/2022 8:07,3/30/2022 8:47,40,20,1
1,3/30/2022 13:05,3/30/2022 13:45,40,20,1
1,3/30/2022 14:05,3/30/2022 14:45,40,20,1
1,3/30/2022 17:24,3/30/2022 18:24,60,20,2
1,3/30/2022 19:04,3/30/2022 19:43,39,20,1
1,3/30/2022 19:43,3/30/2022 20:23,40,20,1
1,3/30/2022 21:23,3/30/2022 22:02,39,20,1
1,3/30/2022 23:02,3/30/2022 23:42,40,20,1
1,3/31/2022 0:22,3/31/2022 1:02,40,20,1
2,3/10/2022 0:03,3/10/2022 0:13,10,5,1
2,3/10/2022 0:43,3/10/2022 2:49,126,5,24
2,3/10/2022 11:45,3/10/2022 11:55,10,5,1
2,3/10/2022 16:21,3/10/2022 16:31,10,5,1
2,3/10/2022 17:41,3/10/2022 17:51,10,5,1
2,3/10/2022 17:51,3/10/2022 18:01,10,5,1
2,3/10/2022 18:46,3/10/2022 18:56,10,5,1
2,3/10/2022 21:16,3/10/2022 21:26,10,5,1
2,3/10/2022 23:11,3/10/2022 23:22,11,5,1
2,3/11/2022 0:47,3/11/2022 0:57,10,5,1
2,3/11/2022 5:17,3/11/2022 5:37,20,5,3
2,3/11/2022 5:47,3/11/2022 5:57,10,5,1
2,3/11/2022 6:02,3/11/2022 6:12,10,5,1
2,3/11/2022 6:12,3/11/2022 6:22,10,5,1
2,3/11/2022 6:22,3/11/2022 6:32,10,5,1
2,3/11/2022 6:32,3/11/2022 6:47,15,5,2
2,3/11/2022 7:07,3/11/2022 7:17,10,5,1
2,3/11/2022 7:17,3/11/2022 7:27,10,5,1
2,3/11/2022 7:27,3/11/2022 7:38,11,5,1
2,3/11/2022 7:43,3/11/2022 7:58,15,5,2
2,3/11/2022 8:03,3/11/2022 8:18,15,5,2
2,3/11/2022 8:23,3/11/2022 8:38,15,5,2
2,3/11/2022 8:43,3/11/2022 8:53,10,5,1
2,3/11/2022 9:43,3/11/2022 9:53,10,5,1
2,3/11/2022 10:48,3/11/2022 10:58,10,5,1
2,3/11/2022 11:18,3/11/2022 21:54,636,5,126
2,3/11/2022 21:54,3/11/2022 22:04,10,5,1
2,3/11/2022 22:34,3/11/2022 22:59,25,5,4
2,3/11/2022 23:09,3/11/2022 23:19,10,5,1
2,3/11/2022 23:24,3/11/2022 23:44,20,5,3
2,3/11/2022 23:44,3/11/2022 23:54,10,5,1
2,3/12/2022 0:34,3/12/2022 0:44,10,5,1
2,3/12/2022 3:35,3/12/2022 3:45,10,5,1
2,3/12/2022 4:00,3/12/2022 4:10,10,5,1
2,3/12/2022 5:50,3/12/2022 6:00,10,5,1
2,3/12/2022 6:20,3/12/2022 6:30,10,5,1
2,3/12/2022 6:35,3/12/2022 22:16,941,5,187
2,3/13/2022 2:37,3/13/2022 2:47,10,5,1
2,3/13/2022 9:38,3/13/2022 10:28,50,5,9
2,3/13/2022 11:08,3/13/2022 11:18,10,5,1
2,3/13/2022 19:09,3/13/2022 19:19,10,5,1
2,3/13/2022 19:44,3/13/2022 22:09,145,5,28
2,3/14/2022 4:15,3/14/2022 4:25,10,5,1
2,3/14/2022 4:50,3/14/2022 5:00,10,5,1
2,3/14/2022 6:15,3/14/2022 6:25,10,5,1
2,3/14/2022 8:16,3/14/2022 8:26,10,5,1
2,3/14/2022 8:31,3/14/2022 8:41,10,5,1
2,3/14/2022 8:51,3/14/2022 9:01,10,5,1
2,3/14/2022 9:21,3/14/2022 9:36,15,5,2
2,3/14/2022 9:41,3/14/2022 9:51,10,5,1
2,3/14/2022 10:11,3/14/2022 10:21,10,5,1
2,3/14/2022 11:31,3/14/2022 11:41,10,5,1
2,3/14/2022 11:46,3/14/2022 11:56,10,5,1
2,3/14/2022 12:11,3/14/2022 12:21,10,5,1
2,3/14/2022 13:56,3/14/2022 14:07,11,5,1
2,3/14/2022 17:27,3/14/2022 17:37,10,5,1
2,3/14/2022 18:02,3/28/2022 14:56,19974,5,3994
2,3/28/2022 17:42,3/28/2022 17:52,10,5,1
2,3/29/2022 0:18,3/29/2022 0:33,15,5,2
2,3/29/2022 5:34,3/29/2022 5:44,10,5,1
2,3/29/2022 7:39,3/29/2022 7:49,10,5,1
2,3/29/2022 9:19,3/29/2022 9:29,10,5,1
2,3/29/2022 17:51,3/29/2022 18:01,10,5,1
2,3/29/2022 18:31,3/29/2022 18:41,10,5,1
2,3/29/2022 20:11,3/29/2022 20:21,10,5,1
2,3/29/2022 21:51,3/29/2022 22:01,10,5,1
2,3/30/2022 2:12,3/30/2022 2:22,10,5,1
2,3/30/2022 4:02,3/30/2022 4:12,10,5,1
2,3/30/2022 7:47,3/30/2022 7:57,10,5,1
2,3/30/2022 11:28,3/30/2022 11:38,10,5,1
2,3/30/2022 11:38,3/30/2022 11:48,10,5,1
2,3/30/2022 12:38,3/30/2022 12:48,10,5,1
2,3/30/2022 13:38,3/30/2022 13:48,10,5,1
2,3/30/2022 14:33,3/30/2022 14:43,10,5,1
2,3/30/2022 15:23,3/30/2022 15:33,10,5,1
2,3/30/2022 16:13,3/30/2022 16:23,10,5,1
2,3/30/2022 17:29,3/30/2022 17:39,10,5,1
2,3/30/2022 18:44,3/30/2022 18:54,10,5,1
2,3/30/2022 19:14,3/30/2022 19:24,10,5,1
2,3/30/2022 20:34,3/30/2022 20:44,10,5,1
2,3/31/2022 0:44,3/31/2022 0:54,10,5,1
3,3/10/2022 0:06,3/10/2022 3:06,180,20,8
3,3/10/2022 5:25,3/10/2022 6:05,40,20,1
3,3/10/2022 9:24,3/10/2022 10:04,40,20,1
3,3/10/2022 15:03,3/10/2022 15:42,39,20,1
3,3/10/2022 18:42,3/10/2022 19:21,39,20,1
3,3/10/2022 22:20,3/10/2022 23:00,40,20,1
3,3/10/2022 23:20,3/11/2022 0:00,40,20,1
3,3/11/2022 2:39,3/11/2022 3:19,40,20,1
3,3/11/2022 11:17,3/11/2022 21:54,637,20,31
3,3/12/2022 0:53,3/12/2022 1:33,40,20,1
3,3/12/2022 6:32,3/12/2022 22:27,955,20,47
3,3/13/2022 0:07,3/13/2022 0:48,41,20,1
3,3/13/2022 1:26,3/13/2022 2:06,40,20,1
3,3/13/2022 9:24,3/13/2022 10:44,80,20,3
3,3/13/2022 19:42,3/13/2022 22:21,159,20,7
3,3/14/2022 14:17,3/14/2022 14:57,40,20,1
3,3/15/2022 15:10,3/15/2022 15:50,40,20,1
3,3/15/2022 15:50,3/15/2022 16:30,40,20,1
3,3/15/2022 17:29,3/15/2022 18:09,40,20,1
3,3/15/2022 19:09,3/15/2022 20:09,60,20,2
3,3/17/2022 18:36,3/17/2022 19:16,40,20,1
3,3/18/2022 4:14,3/18/2022 4:53,39,20,1
3,3/18/2022 22:09,3/19/2022 2:08,239,20,11
3,3/19/2022 11:45,3/19/2022 13:45,120,20,5
3,3/19/2022 13:45,3/19/2022 22:42,537,20,26
3,3/20/2022 11:59,3/20/2022 22:16,617,20,30
3,3/20/2022 22:16,3/20/2022 22:56,40,20,1
3,3/21/2022 14:12,3/21/2022 14:51,39,20,1
3,3/21/2022 18:11,3/21/2022 18:50,39,20,1
3,3/21/2022 21:30,3/21/2022 22:09,39,20,1
3,3/21/2022 22:09,3/21/2022 22:49,40,20,1
3,3/22/2022 4:08,3/22/2022 4:48,40,20,1
3,3/22/2022 6:07,3/22/2022 7:07,60,20,2
3,3/22/2022 8:07,3/22/2022 8:46,39,20,1
3,3/22/2022 18:04,3/22/2022 18:44,40,20,1
3,3/22/2022 21:03,3/22/2022 21:43,40,20,1
3,3/23/2022 3:02,3/23/2022 3:41,39,20,1
3,3/23/2022 15:38,3/23/2022 16:18,40,20,1
3,3/24/2022 2:15,3/24/2022 3:15,60,20,2
3,3/24/2022 6:34,3/24/2022 7:14,40,20,1
3,3/24/2022 7:34,3/24/2022 8:34,60,20,2
3,3/24/2022 8:54,3/24/2022 9:34,40,20,1
3,3/25/2022 2:49,3/25/2022 3:29,40,20,1
3,3/25/2022 11:46,3/25/2022 12:26,40,20,1
3,3/25/2022 13:06,3/25/2022 13:46,40,20,1
3,3/26/2022 20:38,3/26/2022 21:17,39,20,1
3,3/27/2022 11:53,3/27/2022 21:31,578,20,28
3,3/28/2022 7:28,3/28/2022 8:08,40,20,1
3,3/28/2022 15:06,3/28/2022 15:46,40,20,1
3,3/28/2022 17:26,3/28/2022 18:05,39,20,1
3,3/28/2022 18:25,3/28/2022 19:05,40,20,1
3,3/28/2022 22:44,3/28/2022 23:24,40,20,1
3,3/29/2022 1:03,3/29/2022 1:43,40,20,1
3,3/29/2022 7:22,3/29/2022 8:01,39,20,1
3,3/29/2022 8:21,3/29/2022 9:01,40,20,1
3,3/29/2022 10:01,3/29/2022 10:41,40,20,1
3,3/29/2022 12:20,3/29/2022 13:00,40,20,1
3,3/29/2022 16:59,3/29/2022 17:39,40,20,1
3,3/30/2022 9:15,3/30/2022 9:54,39,20,1
3,3/30/2022 12:34,3/30/2022 13:13,39,20,1
3,3/30/2022 15:53,3/30/2022 16:32,39,20,1
3,3/30/2022 20:31,3/30/2022 21:11,40,20,1
4,3/10/2022 0:41,3/10/2022 3:00,139,20,6
4,3/11/2022 11:12,3/11/2022 22:09,657,20,32
4,3/12/2022 6:27,3/12/2022 22:23,956,20,47
4,3/13/2022 9:20,3/13/2022 10:39,79,20,3
4,3/13/2022 15:58,3/13/2022 16:38,40,20,1
4,3/13/2022 17:38,3/13/2022 18:18,40,20,1
4,3/13/2022 19:37,3/13/2022 22:16,159,20,7
4,3/14/2022 8:14,3/14/2022 8:53,39,20,1
4,3/15/2022 16:06,3/15/2022 17:05,59,20,2
4,3/18/2022 16:07,3/18/2022 16:47,40,20,1
4,3/18/2022 22:25,3/19/2022 2:04,219,20,10
4,3/19/2022 11:22,3/19/2022 22:39,677,20,33
4,3/20/2022 11:55,3/20/2022 21:53,598,20,29
4,3/21/2022 3:31,3/21/2022 4:11,40,20,1
4,3/21/2022 14:49,3/21/2022 15:29,40,20,1
4,3/21/2022 17:28,3/21/2022 18:08,40,20,1
4,3/22/2022 3:25,3/22/2022 4:05,40,20,1
4,3/23/2022 8:38,3/23/2022 9:18,40,20,1
4,3/23/2022 11:17,3/23/2022 11:57,40,20,1
4,3/23/2022 12:57,3/23/2022 13:37,40,20,1
4,3/24/2022 5:13,3/24/2022 5:52,39,20,1
4,3/24/2022 12:51,3/24/2022 13:31,40,20,1
4,3/27/2022 11:52,3/27/2022 21:30,578,20,28
4,3/28/2022 18:44,3/28/2022 19:24,40,20,1
4,3/28/2022 19:24,3/28/2022 20:04,40,20,1
4,3/28/2022 22:43,3/28/2022 23:23,40,20,1
4,3/29/2022 4:22,3/29/2022 5:02,40,20,1
4,3/29/2022 5:02,3/29/2022 5:41,39,20,1
4,3/29/2022 7:01,3/29/2022 7:41,40,20,1
4,3/29/2022 8:41,3/29/2022 9:20,39,20,1
4,3/29/2022 13:00,3/29/2022 13:40,40,20,1
4,3/29/2022 23:17,3/29/2022 23:57,40,20,1
4,3/30/2022 4:36,3/30/2022 5:55,79,20,3
4,3/30/2022 19:52,3/30/2022 20:31,39,20,1
5,3/9/2022 14:57,3/9/2022 15:37,40,20,1
5,3/9/2022 19:56,3/9/2022 20:36,40,20,1
5,3/9/2022 22:55,3/9/2022 23:35,40,20,1
5,3/10/2022 0:35,3/10/2022 2:54,139,20,6
5,3/10/2022 2:54,3/10/2022 3:34,40,20,1
5,3/10/2022 4:33,3/10/2022 5:13,40,20,1
5,3/10/2022 7:13,3/10/2022 7:52,39,20,1
5,3/11/2022 11:05,3/11/2022 22:02,657,20,32
5,3/12/2022 1:01,3/12/2022 1:41,40,20,1
5,3/12/2022 6:39,3/12/2022 22:15,936,20,46
5,3/13/2022 0:14,3/13/2022 0:54,40,20,1
5,3/13/2022 5:13,3/13/2022 5:53,40,20,1
5,3/13/2022 9:32,3/13/2022 10:32,60,20,2
5,3/13/2022 19:29,3/13/2022 22:08,159,20,7
5,3/14/2022 11:25,3/14/2022 12:04,39,20,1
5,3/15/2022 15:17,3/15/2022 15:57,40,20,1
5,3/16/2022 0:14,3/16/2022 0:54,40,20,1
5,3/16/2022 1:54,3/16/2022 2:34,40,20,1
5,3/16/2022 3:33,3/16/2022 4:13,40,20,1
5,3/16/2022 5:13,3/16/2022 5:53,40,20,1
5,3/16/2022 7:12,3/16/2022 7:52,40,20,1
5,3/16/2022 11:51,3/16/2022 12:31,40,20,1
5,3/16/2022 15:50,3/16/2022 16:30,40,20,1
5,3/16/2022 22:09,3/16/2022 22:48,39,20,1
5,3/17/2022 1:47,3/17/2022 2:27,40,20,1
5,3/17/2022 5:46,3/17/2022 6:26,40,20,1
5,3/17/2022 8:25,3/17/2022 9:05,40,20,1
5,3/17/2022 10:45,3/17/2022 11:25,40,20,1
5,3/17/2022 11:25,3/17/2022 12:05,40,20,1
5,3/18/2022 18:56,3/18/2022 19:36,40,20,1
5,3/18/2022 22:15,3/19/2022 1:54,219,20,10
5,3/19/2022 9:52,3/19/2022 10:32,40,20,1
5,3/19/2022 11:31,3/19/2022 13:51,140,20,6
5,3/19/2022 13:51,3/19/2022 22:28,517,20,25
5,3/20/2022 12:04,3/20/2022 22:02,598,20,29
5,3/22/2022 21:49,3/22/2022 22:28,39,20,1
5,3/22/2022 23:28,3/23/2022 0:08,40,20,1
5,3/23/2022 0:28,3/23/2022 1:07,39,20,1
5,3/24/2022 6:19,3/24/2022 6:59,40,20,1
5,3/24/2022 12:58,3/24/2022 13:38,40,20,1
5,3/25/2022 4:13,3/25/2022 4:53,40,20,1
5,3/25/2022 15:30,3/25/2022 16:10,40,20,1
5,3/25/2022 16:30,3/25/2022 17:10,40,20,1
5,3/25/2022 18:30,3/25/2022 19:09,39,20,1
5,3/27/2022 11:58,3/27/2022 21:35,577,20,28
5,3/28/2022 7:52,3/28/2022 8:32,40,20,1
5,3/29/2022 4:27,3/29/2022 5:06,39,20,1
5,3/29/2022 7:26,3/29/2022 8:05,39,20,1
5,3/29/2022 9:05,3/29/2022 9:45,40,20,1
5,3/30/2022 5:00,3/30/2022 5:40,40,20,1
5,3/30/2022 14:37,3/30/2022 15:17,40,20,1
5,3/30/2022 16:56,3/30/2022 17:36,40,20,1
5,3/30/2022 18:16,3/30/2022 19:16,60,20,2
5,3/30/2022 22:15,3/30/2022 22:55,40,20,1
6,3/9/2022 16:45,3/9/2022 17:25,40,20,1
6,3/9/2022 19:44,3/9/2022 20:24,40,20,1
6,3/10/2022 0:43,3/10/2022 3:02,139,20,6
6,3/10/2022 12:00,3/10/2022 12:40,40,20,1
6,3/11/2022 0:37,3/11/2022 1:17,40,20,1
6,3/11/2022 1:17,3/11/2022 1:57,40,20,1
6,3/11/2022 9:35,3/11/2022 10:15,40,20,1
6,3/11/2022 11:15,3/11/2022 22:12,657,20,32
6,3/12/2022 1:31,3/12/2022 2:11,40,20,1
6,3/12/2022 6:30,3/12/2022 22:26,956,20,47
6,3/12/2022 23:46,3/13/2022 0:26,40,20,1
6,3/13/2022 1:05,3/13/2022 1:45,40,20,1
6,3/13/2022 2:05,3/13/2022 3:45,100,20,4
6,3/13/2022 4:45,3/13/2022 5:24,39,20,1
6,3/13/2022 5:44,3/13/2022 6:24,40,20,1
6,3/13/2022 6:24,3/13/2022 7:44,80,20,3
6,3/13/2022 8:43,3/13/2022 10:43,120,20,5
6,3/13/2022 19:41,3/13/2022 22:20,159,20,7
6,3/14/2022 4:19,3/14/2022 4:59,40,20,1
6,3/14/2022 12:17,3/14/2022 12:57,40,20,1
6,3/15/2022 15:31,3/15/2022 16:11,40,20,1
6,3/15/2022 16:11,3/15/2022 16:50,39,20,1
6,3/16/2022 2:28,3/16/2022 3:08,40,20,1
6,3/16/2022 6:27,3/16/2022 7:07,40,20,1
6,3/17/2022 7:41,3/17/2022 8:21,40,20,1
6,3/18/2022 0:57,3/18/2022 1:37,40,20,1
6,3/18/2022 2:56,3/18/2022 3:36,40,20,1
6,3/18/2022 20:53,3/18/2022 21:32,39,20,1
6,3/18/2022 22:12,3/19/2022 2:11,239,20,11
6,3/19/2022 2:11,3/19/2022 2:51,40,20,1
6,3/19/2022 4:11,3/19/2022 4:50,39,20,1
6,3/19/2022 6:30,3/19/2022 7:10,40,20,1
6,3/19/2022 11:49,3/19/2022 13:48,119,20,5
6,3/19/2022 13:48,3/19/2022 22:26,518,20,25
6,3/19/2022 22:26,3/19/2022 23:06,40,20,1
6,3/19/2022 23:26,3/20/2022 0:26,60,20,2
6,3/20/2022 0:46,3/20/2022 2:05,79,20,3
6,3/20/2022 3:05,3/20/2022 3:45,40,20,1
6,3/20/2022 3:45,3/20/2022 4:25,40,20,1
6,3/20/2022 4:25,3/20/2022 5:24,59,20,2
6,3/20/2022 6:44,3/20/2022 7:44,60,20,2
6,3/20/2022 7:44,3/20/2022 8:44,60,20,2
6,3/20/2022 10:03,3/20/2022 11:03,60,20,2
6,3/20/2022 12:03,3/20/2022 22:01,598,20,29
6,3/21/2022 7:18,3/21/2022 7:58,40,20,1
6,3/21/2022 10:37,3/21/2022 11:17,40,20,1
6,3/21/2022 11:17,3/21/2022 11:57,40,20,1
6,3/21/2022 12:17,3/21/2022 12:57,40,20,1
6,3/21/2022 15:17,3/21/2022 16:16,59,20,2
6,3/21/2022 17:56,3/21/2022 18:36,40,20,1
6,3/21/2022 20:55,3/21/2022 21:35,40,20,1
6,3/21/2022 21:55,3/21/2022 22:35,40,20,1
6,3/22/2022 6:13,3/22/2022 7:13,60,20,2
6,3/22/2022 13:11,3/22/2022 13:51,40,20,1
6,3/22/2022 14:31,3/22/2022 15:31,60,20,2
6,3/22/2022 21:29,3/22/2022 22:09,40,20,1
6,3/23/2022 4:28,3/23/2022 5:07,39,20,1
6,3/23/2022 5:47,3/23/2022 6:27,40,20,1
6,3/23/2022 7:07,3/23/2022 7:47,40,20,1
6,3/23/2022 8:47,3/23/2022 9:26,39,20,1
6,3/23/2022 11:46,3/23/2022 12:26,40,20,1
6,3/23/2022 12:26,3/23/2022 13:06,40,20,1
6,3/23/2022 14:05,3/23/2022 15:05,60,20,2
6,3/23/2022 15:45,3/23/2022 16:25,40,20,1
6,3/24/2022 11:00,3/24/2022 12:00,60,20,2
6,3/24/2022 16:19,3/24/2022 16:59,40,20,1
6,3/24/2022 20:38,3/24/2022 21:18,40,20,1
6,3/24/2022 21:38,3/24/2022 22:38,60,20,2
6,3/25/2022 8:15,3/25/2022 8:55,40,20,1
6,3/25/2022 13:14,3/25/2022 13:54,40,20,1
6,3/27/2022 11:43,3/27/2022 21:41,598,20,29
6,3/28/2022 1:40,3/28/2022 2:20,40,20,1
6,3/28/2022 14:37,3/28/2022 15:17,40,20,1
6,3/29/2022 12:32,3/29/2022 13:12,40,20,1
6,3/29/2022 17:11,3/29/2022 17:51,40,20,1
6,3/29/2022 23:49,3/30/2022 0:29,40,20,1
6,3/30/2022 7:27,3/30/2022 8:07,40,20,1
6,3/30/2022 11:46,3/30/2022 12:26,40,20,1
6,3/30/2022 18:05,3/30/2022 18:45,40,20,1
6,3/30/2022 19:24,3/30/2022 20:04,40,20,1
7,3/10/2022 0:29,3/10/2022 2:48,139,20,6
7,3/10/2022 8:07,3/10/2022 8:46,39,20,1
7,3/10/2022 23:02,3/10/2022 23:42,40,20,1
7,3/11/2022 7:40,3/11/2022 8:20,40,20,1
7,3/11/2022 8:20,3/11/2022 8:59,39,20,1
7,3/11/2022 9:19,3/11/2022 10:19,60,20,2
7,3/11/2022 10:59,3/11/2022 22:16,677,20,33
7,3/12/2022 6:33,3/12/2022 22:29,956,20,47
7,3/13/2022 2:07,3/13/2022 2:47,40,20,1
7,3/13/2022 9:25,3/13/2022 10:45,80,20,3
7,3/13/2022 11:25,3/13/2022 12:05,40,20,1
7,3/13/2022 19:43,3/13/2022 22:22,159,20,7
7,3/15/2022 11:51,3/15/2022 12:31,40,20,1
7,3/15/2022 15:30,3/15/2022 16:10,40,20,1
7,3/15/2022 16:10,3/15/2022 16:50,40,20,1
7,3/16/2022 17:03,3/16/2022 17:42,39,20,1
7,3/17/2022 0:40,3/17/2022 1:20,40,20,1
7,3/17/2022 14:17,3/17/2022 14:56,39,20,1
7,3/17/2022 16:16,3/17/2022 16:56,40,20,1
7,3/17/2022 19:15,3/17/2022 19:55,40,20,1
7,3/18/2022 10:31,3/18/2022 11:10,39,20,1
7,3/18/2022 20:08,3/18/2022 20:48,40,20,1
7,3/18/2022 22:27,3/19/2022 2:06,219,20,10
7,3/19/2022 11:43,3/19/2022 13:43,120,20,5
7,3/19/2022 13:43,3/19/2022 22:40,537,20,26
7,3/20/2022 11:56,3/20/2022 21:54,598,20,29
7,3/21/2022 5:31,3/21/2022 6:11,40,20,1
7,3/23/2022 7:37,3/23/2022 8:17,40,20,1
7,3/23/2022 8:17,3/23/2022 8:57,40,20,1
7,3/23/2022 14:15,3/23/2022 15:15,60,20,2
7,3/23/2022 15:35,3/23/2022 16:15,40,20,1
7,3/24/2022 1:32,3/24/2022 2:12,40,20,1
7,3/24/2022 5:51,3/24/2022 6:31,40,20,1
7,3/24/2022 10:49,3/24/2022 11:29,40,20,1
7,3/24/2022 12:49,3/24/2022 13:29,40,20,1
7,3/25/2022 3:05,3/25/2022 3:44,39,20,1
7,3/25/2022 6:24,3/25/2022 7:03,39,20,1
7,3/26/2022 17:34,3/26/2022 18:14,40,20,1
7,3/26/2022 18:53,3/26/2022 19:33,40,20,1
7,3/27/2022 11:48,3/27/2022 21:26,578,20,28
7,3/29/2022 3:57,3/29/2022 4:36,39,20,1
7,3/29/2022 13:54,3/29/2022 14:34,40,20,1
7,3/30/2022 16:26,3/30/2022 17:06,40,20,1
7,3/30/2022 22:24,3/30/2022 23:04,40,20,1
8,3/10/2022 0:36,3/10/2022 2:55,139,20,6
8,3/10/2022 4:34,3/10/2022 5:14,40,20,1
8,3/10/2022 5:34,3/10/2022 6:14,40,20,1
8,3/10/2022 6:14,3/10/2022 7:14,60,20,2
8,3/10/2022 7:54,3/10/2022 8:33,39,20,1
8,3/10/2022 10:53,3/10/2022 11:53,60,20,2
8,3/10/2022 13:32,3/10/2022 14:12,40,20,1
8,3/10/2022 15:12,3/10/2022 15:52,40,20,1
8,3/10/2022 15:52,3/10/2022 16:32,40,20,1
8,3/11/2022 2:09,3/11/2022 2:49,40,20,1
8,3/11/2022 5:48,3/11/2022 6:28,40,20,1
8,3/11/2022 7:27,3/11/2022 8:07,40,20,1
8,3/11/2022 11:06,3/11/2022 22:04,658,20,32
8,3/12/2022 2:02,3/12/2022 2:42,40,20,1
8,3/12/2022 4:02,3/12/2022 4:42,40,20,1
8,3/12/2022 5:22,3/12/2022 6:21,59,20,2
8,3/12/2022 6:21,3/12/2022 22:17,956,20,47
8,3/12/2022 23:17,3/12/2022 23:57,40,20,1
8,3/13/2022 1:16,3/13/2022 1:56,40,20,1
8,3/13/2022 7:35,3/13/2022 8:14,39,20,1
8,3/13/2022 9:34,3/13/2022 10:34,60,20,2
8,3/13/2022 10:54,3/13/2022 11:34,40,20,1
8,3/13/2022 15:53,3/13/2022 16:33,40,20,1
8,3/13/2022 18:12,3/13/2022 18:52,40,20,1
8,3/13/2022 19:32,3/13/2022 22:11,159,20,7
8,3/13/2022 22:51,3/13/2022 23:31,40,20,1
8,3/14/2022 0:50,3/14/2022 1:30,40,20,1
8,3/14/2022 13:27,3/14/2022 14:07,40,20,1
8,3/14/2022 18:06,3/14/2022 18:46,40,20,1
8,3/15/2022 3:43,3/15/2022 4:23,40,20,1
8,3/15/2022 6:23,3/15/2022 7:02,39,20,1
8,3/15/2022 7:22,3/15/2022 8:02,40,20,1
8,3/15/2022 9:02,3/15/2022 9:42,40,20,1
8,3/15/2022 9:42,3/15/2022 10:21,39,20,1
8,3/15/2022 10:41,3/15/2022 11:21,40,20,1
8,3/15/2022 14:21,3/15/2022 15:01,40,20,1
8,3/15/2022 15:01,3/15/2022 15:41,40,20,1
8,3/15/2022 22:19,3/15/2022 22:58,39,20,1
8,3/16/2022 0:58,3/16/2022 1:38,40,20,1
8,3/16/2022 6:16,3/16/2022 6:56,40,20,1
8,3/16/2022 7:16,3/16/2022 8:16,60,20,2
8,3/16/2022 12:15,3/16/2022 12:55,40,20,1
8,3/16/2022 15:34,3/16/2022 16:14,40,20,1
8,3/16/2022 17:34,3/16/2022 18:14,40,20,1
8,3/16/2022 20:33,3/16/2022 21:13,40,20,1
8,3/17/2022 6:50,3/17/2022 7:30,40,20,1
8,3/17/2022 7:50,3/17/2022 8:29,39,20,1
8,3/17/2022 13:28,3/17/2022 14:08,40,20,1
8,3/17/2022 15:48,3/17/2022 16:28,40,20,1
8,3/17/2022 17:47,3/17/2022 18:47,60,20,2
8,3/17/2022 23:46,3/18/2022 0:25,39,20,1
8,3/18/2022 1:45,3/18/2022 2:25,40,20,1
8,3/18/2022 3:05,3/18/2022 3:45,40,20,1
8,3/18/2022 4:44,3/18/2022 5:24,40,20,1
8,3/18/2022 5:44,3/18/2022 6:24,40,20,1
8,3/18/2022 8:03,3/18/2022 8:43,40,20,1
8,3/18/2022 10:43,3/18/2022 11:43,60,20,2
8,3/18/2022 13:22,3/18/2022 14:02,40,20,1
8,3/18/2022 19:21,3/18/2022 20:01,40,20,1
8,3/18/2022 20:01,3/18/2022 20:41,40,20,1
8,3/18/2022 20:41,3/18/2022 21:20,39,20,1
8,3/18/2022 22:20,3/19/2022 1:59,219,20,10
8,3/19/2022 4:18,3/19/2022 5:18,60,20,2
8,3/19/2022 6:58,3/19/2022 7:37,39,20,1
8,3/19/2022 11:16,3/19/2022 13:36,140,20,6
8,3/19/2022 13:56,3/19/2022 22:34,518,20,25
8,3/20/2022 3:32,3/20/2022 4:12,40,20,1
8,3/20/2022 6:31,3/20/2022 7:11,40,20,1
8,3/20/2022 7:51,3/20/2022 8:31,40,20,1
8,3/20/2022 9:31,3/20/2022 10:10,39,20,1
8,3/20/2022 12:10,3/20/2022 22:07,597,20,29
8,3/20/2022 23:47,3/21/2022 0:27,40,20,1
8,3/21/2022 2:26,3/21/2022 3:06,40,20,1
8,3/21/2022 3:46,3/21/2022 4:26,40,20,1
8,3/21/2022 5:25,3/21/2022 6:05,40,20,1
8,3/21/2022 13:43,3/21/2022 14:43,60,20,2
8,3/21/2022 22:01,3/21/2022 22:41,40,20,1
8,3/21/2022 23:21,3/22/2022 1:00,99,20,4
8,3/22/2022 4:00,3/22/2022 4:39,39,20,1
8,3/22/2022 5:59,3/22/2022 6:39,40,20,1
8,3/22/2022 7:19,3/22/2022 7:59,40,20,1
8,3/22/2022 9:38,3/22/2022 10:18,40,20,1
8,3/22/2022 14:57,3/22/2022 15:37,40,20,1
8,3/22/2022 16:56,3/22/2022 17:36,40,20,1
8,3/22/2022 17:56,3/22/2022 18:36,40,20,1
8,3/22/2022 18:56,3/22/2022 19:36,40,20,1
8,3/22/2022 21:35,3/22/2022 22:15,40,20,1
8,3/23/2022 5:33,3/23/2022 6:13,40,20,1
8,3/23/2022 6:53,3/23/2022 7:32,39,20,1
8,3/23/2022 8:12,3/23/2022 8:52,40,20,1
8,3/23/2022 9:52,3/23/2022 10:32,40,20,1
8,3/23/2022 13:51,3/23/2022 14:31,40,20,1
8,3/23/2022 15:50,3/23/2022 16:30,40,20,1
8,3/23/2022 17:30,3/23/2022 18:10,40,20,1
8,3/23/2022 18:30,3/23/2022 19:09,39,20,1
8,3/23/2022 23:28,3/24/2022 0:08,40,20,1
8,3/24/2022 2:07,3/24/2022 2:47,40,20,1
8,3/24/2022 6:46,3/24/2022 7:26,40,20,1
8,3/24/2022 11:25,3/24/2022 12:05,40,20,1
8,3/24/2022 12:25,3/24/2022 13:05,40,20,1
8,3/24/2022 13:05,3/24/2022 14:05,60,20,2
8,3/24/2022 14:44,3/24/2022 15:24,40,20,1
8,3/24/2022 16:44,3/24/2022 17:24,40,20,1
8,3/24/2022 18:43,3/24/2022 19:43,60,20,2
8,3/24/2022 19:43,3/24/2022 20:23,40,20,1
8,3/25/2022 2:21,3/25/2022 3:01,40,20,1
8,3/25/2022 3:21,3/25/2022 4:01,40,20,1
8,3/25/2022 4:01,3/25/2022 4:41,40,20,1
8,3/25/2022 5:01,3/25/2022 5:40,39,20,1
8,3/25/2022 11:19,3/25/2022 12:19,60,20,2
8,3/25/2022 13:19,3/25/2022 14:18,59,20,2
8,3/25/2022 18:57,3/25/2022 20:17,80,20,3
8,3/26/2022 0:35,3/26/2022 1:15,40,20,1
8,3/26/2022 2:35,3/26/2022 3:35,60,20,2
8,3/26/2022 6:34,3/26/2022 7:14,40,20,1
8,3/26/2022 7:14,3/26/2022 7:53,39,20,1
8,3/26/2022 9:13,3/26/2022 9:53,40,20,1
8,3/26/2022 10:13,3/26/2022 10:53,40,20,1
8,3/26/2022 10:53,3/26/2022 11:53,60,20,2
8,3/26/2022 15:32,3/26/2022 16:32,60,20,2
8,3/26/2022 16:52,3/26/2022 17:51,59,20,2
8,3/26/2022 17:51,3/26/2022 18:31,40,20,1
8,3/26/2022 18:31,3/26/2022 19:11,40,20,1
8,3/26/2022 20:11,3/26/2022 20:50,39,20,1
8,3/26/2022 22:10,3/26/2022 22:50,40,20,1
8,3/27/2022 1:29,3/27/2022 2:29,60,20,2
8,3/27/2022 3:48,3/27/2022 4:28,40,20,1
8,3/27/2022 5:08,3/27/2022 5:48,40,20,1
8,3/27/2022 7:07,3/27/2022 7:47,40,20,1
8,3/27/2022 10:47,3/27/2022 11:26,39,20,1
8,3/27/2022 11:46,3/27/2022 21:24,578,20,28
8,3/27/2022 21:24,3/27/2022 22:04,40,20,1
8,3/27/2022 22:24,3/27/2022 23:03,39,20,1
8,3/27/2022 23:23,3/28/2022 0:03,40,20,1
8,3/28/2022 1:23,3/28/2022 2:03,40,20,1
8,3/28/2022 4:02,3/28/2022 4:42,40,20,1
8,3/28/2022 6:21,3/28/2022 7:01,40,20,1
8,3/28/2022 7:41,3/28/2022 8:21,40,20,1
8,3/28/2022 9:21,3/28/2022 10:00,39,20,1
8,3/28/2022 20:38,3/28/2022 21:18,40,20,1
8,3/29/2022 1:56,3/29/2022 2:36,40,20,1
8,3/29/2022 3:56,3/29/2022 4:36,40,20,1
8,3/29/2022 10:34,3/29/2022 11:34,60,20,2
8,3/29/2022 14:33,3/29/2022 15:13,40,20,1
8,3/30/2022 7:29,3/30/2022 8:09,40,20,1
8,3/30/2022 11:08,3/30/2022 11:48,40,20,1
8,3/30/2022 12:47,3/30/2022 13:27,40,20,1
8,3/30/2022 17:46,3/30/2022 18:26,40,20,1
8,3/30/2022 21:45,3/30/2022 22:25,40,20,1
8,3/31/2022 0:24,3/31/2022 1:24,60,20,2
9,3/9/2022 15:25,3/9/2022 16:05,40,20,1
9,3/9/2022 17:05,3/9/2022 17:44,39,20,1
9,3/10/2022 0:42,3/10/2022 3:01,139,20,6
9,3/10/2022 20:36,3/10/2022 21:16,40,20,1
9,3/10/2022 22:56,3/10/2022 23:36,40,20,1
9,3/11/2022 0:15,3/11/2022 0:55,40,20,1
9,3/11/2022 3:14,3/11/2022 3:54,40,20,1
9,3/11/2022 11:12,3/11/2022 22:09,657,20,32
9,3/11/2022 22:29,3/11/2022 23:09,40,20,1
9,3/11/2022 23:28,3/12/2022 0:08,40,20,1
9,3/12/2022 1:48,3/12/2022 2:28,40,20,1
9,3/12/2022 6:26,3/12/2022 22:22,956,20,47
9,3/13/2022 2:01,3/13/2022 2:40,39,20,1
9,3/13/2022 2:40,3/13/2022 3:20,40,20,1
9,3/13/2022 9:38,3/13/2022 10:38,60,20,2
9,3/13/2022 19:36,3/13/2022 22:15,159,20,7
9,3/14/2022 8:12,3/14/2022 8:51,39,20,1
9,3/14/2022 9:11,3/14/2022 22:47,816,20,40
9,3/15/2022 11:03,3/15/2022 11:43,40,20,1
9,3/15/2022 15:42,3/15/2022 16:22,40,20,1
9,3/17/2022 1:12,3/17/2022 1:52,40,20,1
9,3/18/2022 6:24,3/18/2022 7:04,40,20,1
9,3/18/2022 22:19,3/19/2022 1:58,219,20,10
9,3/19/2022 6:37,3/19/2022 7:36,59,20,2
9,3/19/2022 11:35,3/19/2022 13:35,120,20,5
9,3/19/2022 13:55,3/19/2022 22:32,517,20,25
9,3/20/2022 12:08,3/20/2022 22:05,597,20,29
9,3/23/2022 5:49,3/23/2022 6:29,40,20,1
9,3/23/2022 9:48,3/23/2022 10:27,39,20,1
9,3/23/2022 13:46,3/23/2022 14:26,40,20,1
9,3/24/2022 5:02,3/24/2022 5:42,40,20,1
9,3/25/2022 6:34,3/25/2022 7:14,40,20,1
9,3/25/2022 8:54,3/25/2022 9:33,39,20,1
9,3/25/2022 11:13,3/25/2022 11:53,40,20,1
9,3/25/2022 14:12,3/25/2022 14:52,40,20,1
9,3/26/2022 19:04,3/26/2022 19:44,40,20,1
9,3/27/2022 1:02,3/27/2022 1:42,40,20,1
9,3/27/2022 11:59,3/27/2022 21:36,577,20,28
9,3/29/2022 0:08,3/29/2022 0:48,40,20,1
10,3/9/2022 13:11,3/9/2022 14:11,60,20,2
10,3/9/2022 16:32,3/9/2022 17:12,40,20,1
10,3/9/2022 17:12,3/9/2022 17:52,40,20,1
10,3/9/2022 18:12,3/9/2022 18:52,40,20,1
10,3/9/2022 19:12,3/9/2022 19:51,39,20,1
10,3/9/2022 19:51,3/9/2022 20:51,60,20,2
10,3/9/2022 20:51,3/9/2022 21:51,60,20,2
10,3/9/2022 21:51,3/9/2022 22:31,40,20,1
10,3/10/2022 0:30,3/10/2022 2:49,139,20,6
10,3/10/2022 4:49,3/10/2022 5:29,40,20,1
10,3/10/2022 6:09,3/10/2022 7:28,79,20,3
10,3/10/2022 7:28,3/10/2022 8:08,40,20,1
10,3/10/2022 8:08,3/10/2022 8:48,40,20,1
10,3/10/2022 10:48,3/10/2022 11:28,40,20,1
10,3/10/2022 13:07,3/10/2022 13:47,40,20,1
10,3/10/2022 14:07,3/10/2022 15:07,60,20,2
10,3/10/2022 19:06,3/10/2022 19:46,40,20,1
10,3/10/2022 20:06,3/10/2022 20:45,39,20,1
10,3/10/2022 20:45,3/10/2022 21:25,40,20,1
10,3/10/2022 21:25,3/10/2022 22:05,40,20,1
10,3/11/2022 10:02,3/11/2022 10:42,40,20,1
10,3/11/2022 11:02,3/11/2022 22:19,677,20,33
10,3/12/2022 4:58,3/12/2022 5:38,40,20,1
10,3/12/2022 6:37,3/12/2022 22:34,957,20,47
10,3/13/2022 9:31,3/13/2022 10:31,60,20,2
10,3/13/2022 10:31,3/13/2022 11:11,40,20,1
10,3/13/2022 11:31,3/13/2022 12:10,39,20,1
10,3/13/2022 15:50,3/13/2022 16:30,40,20,1
10,3/13/2022 18:09,3/13/2022 18:49,40,20,1
10,3/13/2022 19:29,3/13/2022 22:08,159,20,7
10,3/14/2022 0:27,3/14/2022 1:07,40,20,1
10,3/14/2022 3:27,3/14/2022 4:07,40,20,1
10,3/14/2022 4:46,3/14/2022 5:26,40,20,1
10,3/14/2022 6:06,3/14/2022 6:46,40,20,1
10,3/14/2022 13:25,3/14/2022 14:05,40,20,1
10,3/14/2022 14:05,3/14/2022 14:44,39,20,1
10,3/14/2022 17:44,3/14/2022 18:24,40,20,1
10,3/14/2022 18:43,3/14/2022 19:23,40,20,1
10,3/14/2022 19:43,3/14/2022 20:23,40,20,1
10,3/14/2022 21:43,3/14/2022 22:22,39,20,1
10,3/14/2022 22:22,3/14/2022 23:22,60,20,2
10,3/15/2022 1:02,3/15/2022 1:42,40,20,1
10,3/15/2022 4:01,3/15/2022 4:41,40,20,1
10,3/15/2022 6:00,3/15/2022 6:40,40,20,1
10,3/15/2022 9:00,3/15/2022 9:40,40,20,1
10,3/15/2022 10:19,3/15/2022 10:59,40,20,1
10,3/15/2022 13:19,3/15/2022 13:59,40,20,1
10,3/15/2022 16:18,3/15/2022 16:58,40,20,1
10,3/15/2022 21:57,3/15/2022 22:37,40,20,1
10,3/15/2022 23:36,3/16/2022 0:36,60,20,2
10,3/16/2022 2:56,3/16/2022 3:35,39,20,1
10,3/16/2022 4:15,3/16/2022 4:55,40,20,1
10,3/16/2022 9:54,3/16/2022 10:34,40,20,1
10,3/16/2022 10:34,3/16/2022 11:14,40,20,1
10,3/16/2022 14:13,3/16/2022 14:53,40,20,1
10,3/16/2022 15:13,3/16/2022 15:53,40,20,1
10,3/16/2022 16:53,3/16/2022 17:33,40,20,1
10,3/16/2022 19:12,3/16/2022 19:52,40,20,1
10,3/16/2022 20:32,3/16/2022 21:12,40,20,1
10,3/16/2022 21:51,3/16/2022 22:31,40,20,1
10,3/16/2022 23:51,3/17/2022 0:31,40,20,1
10,3/17/2022 0:31,3/17/2022 1:11,40,20,1
10,3/17/2022 1:30,3/17/2022 2:10,40,20,1
10,3/17/2022 4:30,3/17/2022 5:10,40,20,1
10,3/17/2022 5:10,3/17/2022 5:49,39,20,1
10,3/17/2022 8:29,3/17/2022 9:09,40,20,1
10,3/17/2022 12:48,3/17/2022 13:48,60,20,2
10,3/17/2022 14:28,3/17/2022 15:08,40,20,1
10,3/17/2022 18:07,3/17/2022 19:07,60,20,2
10,3/17/2022 19:07,3/17/2022 19:46,39,20,1
10,3/18/2022 2:25,3/18/2022 3:05,40,20,1
10,3/18/2022 6:44,3/18/2022 7:24,40,20,1
10,3/18/2022 8:43,3/18/2022 9:23,40,20,1
10,3/18/2022 11:03,3/18/2022 11:43,40,20,1
10,3/18/2022 13:03,3/18/2022 13:42,39,20,1
10,3/18/2022 13:42,3/18/2022 14:42,60,20,2
10,3/18/2022 17:42,3/18/2022 18:21,39,20,1
10,3/18/2022 18:41,3/18/2022 19:21,40,20,1
10,3/18/2022 22:20,3/19/2022 1:59,219,20,10
10,3/19/2022 2:19,3/19/2022 2:59,40,20,1
10,3/19/2022 5:38,3/19/2022 6:18,40,20,1
10,3/19/2022 6:18,3/19/2022 6:58,40,20,1
10,3/19/2022 11:37,3/19/2022 22:34,657,20,32
10,3/19/2022 23:54,3/20/2022 0:34,40,20,1
10,3/20/2022 3:13,3/20/2022 3:53,40,20,1
10,3/20/2022 4:13,3/20/2022 4:53,40,20,1
10,3/20/2022 5:33,3/20/2022 6:13,40,20,1
10,3/20/2022 10:12,3/20/2022 10:51,39,20,1
10,3/20/2022 12:11,3/20/2022 21:49,578,20,28
10,3/20/2022 22:29,3/20/2022 23:09,40,20,1
10,3/21/2022 0:08,3/21/2022 0:48,40,20,1
10,3/21/2022 1:28,3/21/2022 2:08,40,20,1
10,3/21/2022 3:08,3/21/2022 3:47,39,20,1
10,3/21/2022 3:47,3/21/2022 4:47,60,20,2
10,3/21/2022 6:07,3/21/2022 6:47,40,20,1
10,3/21/2022 12:06,3/21/2022 12:45,39,20,1
10,3/21/2022 14:45,3/21/2022 15:25,40,20,1
10,3/21/2022 16:25,3/21/2022 17:05,40,20,1
10,3/21/2022 17:05,3/21/2022 17:44,39,20,1
10,3/21/2022 17:44,3/21/2022 18:24,40,20,1
10,3/21/2022 18:44,3/21/2022 19:24,40,20,1
10,3/21/2022 20:44,3/21/2022 21:23,39,20,1
10,3/21/2022 22:43,3/21/2022 23:23,40,20,1
10,3/22/2022 1:22,3/22/2022 2:02,40,20,1
10,3/22/2022 3:02,3/22/2022 3:42,40,20,1
10,3/22/2022 10:20,3/22/2022 11:00,40,20,1
10,3/22/2022 12:00,3/22/2022 12:40,40,20,1
10,3/22/2022 12:40,3/22/2022 13:20,40,20,1
10,3/22/2022 14:00,3/22/2022 14:39,39,20,1
10,3/22/2022 14:39,3/22/2022 15:19,40,20,1
10,3/22/2022 17:59,3/22/2022 18:39,40,20,1
10,3/23/2022 1:17,3/23/2022 1:57,40,20,1
10,3/23/2022 4:16,3/23/2022 4:56,40,20,1
10,3/23/2022 6:16,3/23/2022 7:15,59,20,2
10,3/23/2022 8:55,3/23/2022 9:35,40,20,1
10,3/23/2022 10:15,3/23/2022 10:55,40,20,1
10,3/23/2022 10:55,3/23/2022 11:54,59,20,2
10,3/23/2022 12:54,3/23/2022 13:34,40,20,1
10,3/23/2022 15:34,3/23/2022 16:13,39,20,1
10,3/23/2022 18:13,3/23/2022 18:53,40,20,1
10,3/23/2022 20:33,3/23/2022 21:12,39,20,1
10,3/23/2022 22:32,3/23/2022 23:12,40,20,1
10,3/24/2022 0:51,3/24/2022 1:31,40,20,1
10,3/24/2022 4:31,3/24/2022 5:10,39,20,1
10,3/24/2022 9:49,3/24/2022 10:29,40,20,1
10,3/24/2022 13:49,3/24/2022 14:28,39,20,1
10,3/24/2022 16:08,3/24/2022 16:48,40,20,1
10,3/24/2022 18:47,3/24/2022 19:47,60,20,2
10,3/25/2022 1:46,3/25/2022 2:26,40,20,1
10,3/25/2022 7:04,3/25/2022 8:04,60,20,2
10,3/25/2022 9:44,3/25/2022 10:24,40,20,1
10,3/25/2022 11:04,3/25/2022 11:43,39,20,1
10,3/25/2022 12:03,3/25/2022 12:43,40,20,1
10,3/25/2022 13:03,3/25/2022 13:43,40,20,1
10,3/25/2022 15:43,3/25/2022 16:23,40,20,1
10,3/25/2022 20:02,3/25/2022 20:41,39,20,1
10,3/25/2022 20:41,3/25/2022 21:21,40,20,1
10,3/25/2022 23:41,3/26/2022 0:20,39,20,1
10,3/26/2022 0:40,3/26/2022 1:20,40,20,1
10,3/26/2022 3:00,3/26/2022 3:40,40,20,1
10,3/26/2022 4:59,3/26/2022 5:39,40,20,1
10,3/26/2022 7:39,3/26/2022 8:18,39,20,1
10,3/26/2022 8:18,3/26/2022 8:58,40,20,1
10,3/26/2022 9:38,3/26/2022 10:18,40,20,1
10,3/26/2022 10:18,3/26/2022 10:58,40,20,1
10,3/26/2022 12:38,3/26/2022 13:38,60,20,2
10,3/26/2022 14:57,3/26/2022 15:37,40,20,1
10,3/26/2022 20:36,3/26/2022 21:16,40,20,1
10,3/26/2022 21:36,3/26/2022 22:15,39,20,1
10,3/26/2022 22:35,3/26/2022 23:15,40,20,1
10,3/27/2022 1:15,3/27/2022 1:54,39,20,1
10,3/27/2022 3:54,3/27/2022 4:34,40,20,1
10,3/27/2022 6:13,3/27/2022 6:53,40,20,1
10,3/27/2022 8:13,3/27/2022 8:53,40,20,1
10,3/27/2022 10:52,3/27/2022 11:32,40,20,1
10,3/27/2022 11:52,3/27/2022 21:30,578,20,28
10,3/27/2022 22:10,3/27/2022 23:29,79,20,3
10,3/28/2022 0:09,3/28/2022 0:49,40,20,1
10,3/28/2022 2:49,3/28/2022 3:48,59,20,2
10,3/28/2022 4:08,3/28/2022 4:48,40,20,1
10,3/28/2022 13:06,3/28/2022 14:06,60,20,2
10,3/28/2022 16:06,3/28/2022 16:46,40,20,1
10,3/28/2022 16:46,3/28/2022 17:26,40,20,1
10,3/28/2022 19:45,3/28/2022 20:25,40,20,1
10,3/28/2022 22:04,3/28/2022 22:44,40,20,1
10,3/28/2022 23:24,3/29/2022 0:24,60,20,2
10,3/29/2022 1:03,3/29/2022 1:43,40,20,1
10,3/29/2022 8:02,3/29/2022 8:42,40,20,1
10,3/29/2022 9:41,3/29/2022 10:21,40,20,1
10,3/29/2022 10:21,3/29/2022 11:01,40,20,1
10,3/29/2022 11:01,3/29/2022 12:01,60,20,2
10,3/29/2022 14:41,3/29/2022 15:20,39,20,1
10,3/29/2022 18:00,3/29/2022 18:40,40,20,1
10,3/29/2022 18:40,3/29/2022 19:19,39,20,1
10,3/29/2022 20:39,3/29/2022 21:19,40,20,1
10,3/29/2022 21:19,3/29/2022 21:59,40,20,1
10,3/29/2022 23:58,3/30/2022 0:38,40,20,1
10,3/30/2022 1:18,3/30/2022 1:58,40,20,1
10,3/30/2022 4:57,3/30/2022 5:57,60,20,2
10,3/30/2022 6:56,3/30/2022 7:56,60,20,2
10,3/30/2022 10:16,3/30/2022 10:56,40,20,1
10,3/30/2022 11:35,3/30/2022 12:15,40,20,1
10,3/30/2022 15:34,3/30/2022 16:14,40,20,1
10,3/30/2022 17:14,3/30/2022 17:54,40,20,1
10,3/30/2022 18:34,3/30/2022 19:34,60,20,2
10,3/30/2022 21:53,3/30/2022 22:53,60,20,2
10,3/30/2022 23:13,3/30/2022 23:52,39,20,1
11,3/10/2022 0:38,3/10/2022 2:57,139,20,6
11,3/10/2022 10:15,3/10/2022 10:55,40,20,1
11,3/11/2022 11:08,3/11/2022 22:05,657,20,32
11,3/11/2022 22:05,3/11/2022 22:45,40,20,1
11,3/12/2022 6:43,3/12/2022 22:18,935,20,46
11,3/13/2022 9:35,3/13/2022 10:35,60,20,2
11,3/13/2022 10:35,3/13/2022 11:15,40,20,1
11,3/13/2022 19:32,3/13/2022 22:12,160,20,7
11,3/14/2022 5:49,3/14/2022 6:29,40,20,1
11,3/14/2022 7:29,3/14/2022 8:09,40,20,1
11,3/14/2022 15:27,3/14/2022 16:07,40,20,1
11,3/14/2022 17:46,3/14/2022 18:26,40,20,1
11,3/14/2022 18:46,3/14/2022 19:26,40,20,1
11,3/15/2022 13:20,3/15/2022 14:00,40,20,1
11,3/16/2022 6:15,3/16/2022 6:55,40,20,1
11,3/18/2022 7:22,3/18/2022 8:02,40,20,1
11,3/18/2022 22:18,3/19/2022 2:17,239,20,11
11,3/19/2022 11:34,3/19/2022 13:33,119,20,5
11,3/19/2022 13:53,3/19/2022 22:31,518,20,25
11,3/20/2022 0:10,3/20/2022 0:50,40,20,1
11,3/20/2022 12:07,3/20/2022 22:04,597,20,29
11,3/21/2022 21:18,3/21/2022 21:57,39,20,1
11,3/22/2022 4:35,3/22/2022 5:15,40,20,1
11,3/22/2022 7:35,3/22/2022 8:15,40,20,1
11,3/22/2022 12:13,3/22/2022 12:53,40,20,1
11,3/23/2022 3:09,3/23/2022 3:49,40,20,1
11,3/23/2022 16:46,3/23/2022 17:25,39,20,1
11,3/23/2022 20:05,3/23/2022 20:44,39,20,1
11,3/24/2022 21:18,3/24/2022 21:57,39,20,1
11,3/25/2022 1:36,3/25/2022 2:36,60,20,2
11,3/25/2022 3:56,3/25/2022 4:55,59,20,2
11,3/25/2022 4:55,3/25/2022 5:35,40,20,1
11,3/25/2022 5:35,3/25/2022 6:15,40,20,1
11,3/25/2022 6:35,3/25/2022 7:15,40,20,1
11,3/25/2022 7:34,3/25/2022 8:14,40,20,1
11,3/25/2022 8:14,3/25/2022 8:54,40,20,1
11,3/25/2022 16:12,3/25/2022 16:52,40,20,1
11,3/25/2022 23:50,3/26/2022 15:05,915,20,45
11,3/26/2022 16:45,3/26/2022 17:25,40,20,1
11,3/26/2022 19:04,3/26/2022 19:44,40,20,1
11,3/26/2022 19:44,3/28/2022 15:15,2611,20,130
11,3/28/2022 21:14,3/28/2022 21:53,39,20,1
11,3/30/2022 12:03,3/30/2022 12:42,39,20,1
11,3/30/2022 14:42,3/30/2022 15:22,40,20,1
11,3/30/2022 17:41,3/30/2022 18:21,40,20,1
11,3/31/2022 0:39,3/31/2022 1:19,40,20,1
12,3/9/2022 23:10,3/9/2022 23:50,40,20,1
12,3/10/2022 0:30,3/10/2022 2:49,139,20,6
12,3/10/2022 18:45,3/10/2022 19:25,40,20,1
12,3/11/2022 0:43,3/11/2022 1:23,40,20,1
12,3/11/2022 11:00,3/11/2022 21:57,657,20,32
12,3/12/2022 5:35,3/12/2022 6:15,40,20,1
12,3/12/2022 6:35,3/12/2022 22:30,955,20,47
12,3/12/2022 23:30,3/13/2022 0:12,42,20,1
12,3/13/2022 0:12,3/13/2022 0:50,38,20,1
12,3/13/2022 9:27,3/13/2022 10:27,60,20,2
12,3/13/2022 13:26,3/13/2022 14:06,40,20,1
12,3/13/2022 15:06,3/13/2022 15:46,40,20,1
12,3/13/2022 15:46,3/13/2022 16:26,40,20,1
12,3/13/2022 19:45,3/13/2022 23:04,199,20,9
12,3/14/2022 11:40,3/14/2022 12:20,40,20,1
12,3/14/2022 15:59,3/14/2022 16:39,40,20,1
12,3/14/2022 21:38,3/14/2022 22:17,39,20,1
12,3/15/2022 10:34,3/15/2022 11:14,40,20,1
12,3/15/2022 13:53,3/15/2022 14:33,40,20,1
12,3/15/2022 14:33,3/15/2022 15:13,40,20,1
12,3/15/2022 16:53,3/15/2022 17:52,59,20,2
12,3/15/2022 20:12,3/15/2022 20:51,39,20,1
12,3/16/2022 11:47,3/16/2022 12:27,40,20,1
12,3/16/2022 18:46,3/16/2022 19:26,40,20,1
12,3/16/2022 20:25,3/16/2022 21:05,40,20,1
12,3/17/2022 0:44,3/17/2022 1:24,40,20,1
12,3/18/2022 6:56,3/18/2022 7:35,39,20,1
12,3/18/2022 10:15,3/18/2022 10:54,39,20,1
12,3/18/2022 22:12,3/19/2022 2:10,238,20,11
12,3/19/2022 2:50,3/19/2022 3:30,40,20,1
12,3/19/2022 5:49,3/19/2022 6:29,40,20,1
12,3/19/2022 11:48,3/19/2022 13:47,119,20,5
12,3/19/2022 13:47,3/19/2022 22:25,518,20,25
12,3/19/2022 22:45,3/19/2022 23:25,40,20,1
12,3/20/2022 2:04,3/20/2022 2:44,40,20,1
12,3/20/2022 4:43,3/20/2022 5:23,40,20,1
12,3/20/2022 5:23,3/20/2022 6:03,40,20,1
12,3/20/2022 12:01,3/20/2022 21:58,597,20,29
12,3/22/2022 12:08,3/22/2022 12:48,40,20,1
12,3/23/2022 1:44,3/23/2022 2:24,40,20,1
12,3/23/2022 2:44,3/23/2022 3:44,60,20,2
12,3/23/2022 3:44,3/23/2022 4:24,40,20,1
12,3/23/2022 8:22,3/23/2022 9:02,40,20,1
12,3/23/2022 16:00,3/23/2022 16:40,40,20,1
12,3/23/2022 19:20,3/23/2022 20:19,59,20,2
12,3/23/2022 22:59,3/23/2022 23:38,39,20,1
12,3/24/2022 5:17,3/24/2022 5:57,40,20,1
12,3/24/2022 13:55,3/24/2022 14:34,39,20,1
12,3/25/2022 5:10,3/25/2022 5:50,40,20,1
12,3/25/2022 7:49,3/25/2022 8:29,40,20,1
12,3/26/2022 1:05,3/26/2022 1:45,40,20,1
12,3/26/2022 15:41,3/26/2022 16:21,40,20,1
12,3/26/2022 21:20,3/26/2022 21:59,39,20,1
12,3/27/2022 11:55,3/27/2022 21:33,578,20,28
12,3/28/2022 21:46,3/28/2022 22:26,40,20,1
12,3/28/2022 22:46,3/28/2022 23:46,60,20,2
12,3/29/2022 4:24,3/29/2022 5:04,40,20,1
12,3/29/2022 7:04,3/29/2022 7:43,39,20,1
12,3/29/2022 7:43,3/29/2022 8:23,40,20,1
12,3/29/2022 13:42,3/29/2022 15:02,80,20,3
12,3/29/2022 16:01,3/29/2022 16:41,40,20,1
12,3/29/2022 16:41,3/29/2022 17:21,40,20,1
12,3/29/2022 18:01,3/29/2022 19:00,59,20,2
12,3/29/2022 19:00,3/29/2022 19:40,40,20,1
12,3/29/2022 21:00,3/29/2022 21:40,40,20,1
12,3/29/2022 23:19,3/29/2022 23:59,40,20,1
12,3/29/2022 23:59,3/30/2022 0:39,40,20,1
12,3/30/2022 1:58,3/30/2022 2:38,40,20,1
12,3/30/2022 2:38,3/30/2022 3:18,40,20,1
12,3/30/2022 4:18,3/30/2022 4:57,39,20,1
12,3/30/2022 6:17,3/30/2022 6:57,40,20,1
12,3/30/2022 7:37,3/30/2022 8:17,40,20,1
12,3/30/2022 9:16,3/30/2022 9:56,40,20,1
12,3/30/2022 11:16,3/30/2022 12:15,59,20,2
12,3/30/2022 12:55,3/30/2022 13:35,40,20,1
12,3/30/2022 13:35,3/30/2022 14:35,60,20,2
12,3/30/2022 17:14,3/30/2022 17:54,40,20,1
12,3/30/2022 20:33,3/30/2022 21:13,40,20,1
12,3/30/2022 21:13,3/30/2022 21:53,40,20,1
12,3/30/2022 23:52,3/31/2022 0:32,40,20,1
